symbol,date,close,high,low,open,volume,adjClose,adjHigh,adjLow,adjOpen,adjVolume,divCash,splitFactor
AAPL,2020-01-02 00:00:00+00:00,300.35,300.6,295.19,296.24,33911864,74.2067725437,74.2685394594,72.9319034033,73.1913244493,135647456,0.0,1.0
AAPL,2020-01-03 00:00:00+00:00,297.43,300.58,296.5,297.15,36633878,73.4853349681,74.2635981062,73.2555620417,73.4161560225,146535512,0.0,1.0
AAPL,2020-01-06 00:00:00+00:00,299.8,299.96,292.75,293.79,29644644,74.0708853291,74.1104161552,72.3290583059,72.5860086753,118578576,0.0,1.0
AAPL,2020-01-07 00:00:00+00:00,298.39,300.9,297.48,299.84,27877655,73.7225199245,74.3426597583,73.4976883513,74.0807680356,111510620,0.0,1.0
AAPL,2020-01-08 00:00:00+00:00,303.19,304.44,297.16,297.16,33090946,74.9084447063,75.2172792849,73.4186266991,73.4186266991,132363784,0.0,1.0
AAPL,2020-01-09 00:00:00+00:00,309.63,310.43,306.2,307.24,42621542,76.4995604552,76.6972145855,75.6521183715,75.9090687409,170486168,0.0,1.0
AAPL,2020-01-10 00:00:00+00:00,310.33,312.67,308.25,310.6,35217272,76.6725078192,77.2506461503,76.1586070804,76.7392160882,140869088,0.0,1.0
AAPL,2020-01-13 00:00:00+00:00,316.96,317.07,311.15,311.64,30028742,78.310566424,78.3377438669,76.8751033027,76.9961664575,120114968,0.0,1.0
AAPL,2020-01-14 00:00:00+00:00,312.68,317.57,312.17,316.7,40653457,77.2531168269,78.4612776984,77.1271123189,78.2463288317,162613828,0.0,1.0
AAPL,2020-01-15 00:00:00+00:00,311.34,315.5,309.55,311.85,30480882,76.9220461587,77.9498476362,76.4797950421,77.0480506667,121923528,0.0,1.0
AAPL,2020-01-16 00:00:00+00:00,315.24,315.7,312.09,313.59,27207254,77.8856100439,77.9992611688,77.1073469058,77.4779484001,108829016,0.0,1.0
AAPL,2020-01-17 00:00:00+00:00,318.73,318.74,315.0,316.27,34454117,78.7478761873,78.7503468639,77.8263138048,78.1400897366,137816468,0.0,1.0
AAPL,2020-01-21 00:00:00+00:00,316.57,319.02,316.0,317.19,27235039,78.2142100355,78.8195258095,78.0733814677,78.3673919865,108940156,0.0,1.0
AAPL,2020-01-22 00:00:00+00:00,317.7,319.99,317.31,318.58,25458115,78.4933964945,79.0591814425,78.397040106,78.7108160379,101832460,0.0,1.0
AAPL,2020-01-23 00:00:00+00:00,319.23,319.56,315.65,317.92,26117993,78.8714100187,78.9529423475,77.9869077857,78.5477513804,104471972,0.0,1.0
AAPL,2020-01-24 00:00:00+00:00,318.31,323.33,317.52,320.25,36634380,78.6441077689,79.8843874365,78.4489243152,79.1234190349,146537520,0.0,1.0
AAPL,2020-01-27 00:00:00+00:00,308.95,311.77,304.88,310.06,40485005,76.3315544444,77.0282852537,75.3259890565,76.6057995502,161940020,0.0,1.0
AAPL,2020-01-28 00:00:00+00:00,317.69,318.4,312.19,312.6,40558486,78.4909258179,78.6663438586,77.1320536721,77.2333514139,162233944,0.0,1.0
AAPL,2020-01-29 00:00:00+00:00,324.34,327.85,321.38,324.45,54149928,80.133925776,81.0011332727,79.4026054939,80.1611032189,216599712,0.0,1.0
AAPL,2020-01-30 00:00:00+00:00,323.87,324.09,318.75,320.54,31685808,80.0178039745,80.0721588603,78.7528175406,79.1950686571,126743232,0.0,1.0
AAPL,2020-01-31 00:00:00+00:00,309.51,322.68,308.29,320.93,49897096,76.4699123356,79.7237934557,76.1684897869,79.2914250456,199588384,0.0,1.0
AAPL,2020-02-03 00:00:00+00:00,308.66,313.49,302.22,304.3,43496401,76.2599048222,77.4532416339,74.6687890733,75.1826898121,173985604,0.0,1.0
AAPL,2020-02-04 00:00:00+00:00,318.85,319.64,313.63,315.31,34154134,78.7775243069,78.9727077605,77.4878311067,77.9029047803,136616536,0.0,1.0
AAPL,2020-02-05 00:00:00+00:00,321.45,324.76,318.95,323.52,29706718,79.4199002303,80.2376941944,78.8022310731,79.9313302925,118826872,0.0,1.0
AAPL,2020-02-06 00:00:00+00:00,325.21,325.22,320.26,322.57,26356385,80.3488746427,80.3513453193,79.1258897115,79.6966160127,105425540,0.0,1.0
AAPL,2020-02-07 00:00:00+00:00,320.03,323.4,318.0,322.37,29421012,79.2593062495,80.0939275726,78.7565521586,79.8388355955,117684048,0.77,1.0
AAPL,2020-02-10 00:00:00+00:00,321.55,321.55,313.85,314.18,27337215,79.6357526623,79.6357526623,77.7287543867,77.8104828843,109348860,0.0,1.0
AAPL,2020-02-11 00:00:00+00:00,319.61,323.9,318.71,323.6,23580780,79.1552881617,80.2177586295,78.9323922594,80.1434599954,94323120,0.0,1.0
AAPL,2020-02-12 00:00:00+00:00,327.2,327.22,321.47,321.47,28432573,81.0350436047,81.039996847,79.6159396932,79.6159396932,113730292,0.0,1.0
AAPL,2020-02-13 00:00:00+00:00,324.87,326.22,323.35,324.19,23686892,80.4579908798,80.7923347333,80.081544467,80.2895806425,94747568,0.0,1.0
AAPL,2020-02-14 00:00:00+00:00,324.95,325.98,322.85,324.74,20028447,80.4778038489,80.732895826,79.9577134101,80.425794805,80113788,0.0,1.0
AAPL,2020-02-18 00:00:00+00:00,319.0,319.75,314.61,315.36,38190545,79.0042142723,79.1899608576,77.9169775932,78.1027241784,152762180,0.0,1.0
AAPL,2020-02-19 00:00:00+00:00,323.62,324.57,320.0,320.0,23495991,80.1484132377,80.3836922457,79.251876386,79.251876386,93983964,0.0,1.0
AAPL,2020-02-20 00:00:00+00:00,320.3,324.65,318.21,322.63,25141489,79.3261750202,80.4035052148,78.8085612025,79.9032277451,100565956,0.0,1.0
AAPL,2020-02-21 00:00:00+00:00,313.05,320.45,310.5,318.62,32426415,77.5306246958,79.3633243372,76.8990863058,78.9101026691,129705660,0.0,1.0
AAPL,2020-02-24 00:00:00+00:00,298.18,304.18,289.23,297.26,55548828,73.847889065,75.3338617472,71.6313131473,73.6200399204,222195312,0.0,1.0
AAPL,2020-02-25 00:00:00+00:00,288.08,302.53,286.13,300.95,57668364,71.3465017165,74.9252192596,70.8635605948,74.5339131199,230673456,0.0,1.0
AAPL,2020-02-26 00:00:00+00:00,292.65,297.88,286.5,286.53,49678431,72.4783175762,73.7735904309,70.9551955769,70.9626254403,198713724,0.0,1.0
AAPL,2020-02-27 00:00:00+00:00,273.52,286.0,272.96,281.1,80151381,67.740541341,70.83136452,67.6018505573,69.6178201629,320605524,0.0,1.0
AAPL,2020-02-28 00:00:00+00:00,273.36,278.41,256.37,257.26,106721230,67.7009154028,68.951609077,63.4931360909,63.7135553721,426884920,0.0,1.0
AAPL,2020-03-02 00:00:00+00:00,298.81,301.44,277.72,282.28,85349339,74.0039161966,74.6552675557,68.7807222185,69.910061457,341397356,0.0,1.0
AAPL,2020-03-03 00:00:00+00:00,289.32,304.0,285.8,303.67,79868852,71.6536027375,75.2892825667,70.7818320973,75.2075540692,319475408,0.0,1.0
AAPL,2020-03-04 00:00:00+00:00,302.74,303.4,293.13,296.44,54794568,74.9772283035,75.1406852985,72.5971953908,73.4169569871,219178272,0.0,1.0
AAPL,2020-03-05 00:00:00+00:00,292.92,299.55,291.41,295.52,46893219,72.5451863469,74.1871861607,72.1712165552,73.1891078425,187572876,0.0,1.0
AAPL,2020-03-06 00:00:00+00:00,289.03,290.82,281.23,282.0,56544246,71.5817807246,72.0250959081,69.6500162376,69.8407160652,226176984,0.0,1.0
AAPL,2020-03-09 00:00:00+00:00,266.17,278.09,263.0,263.75,71686208,65.9202248052,68.8723572006,65.1351359048,65.3208824901,286744832,0.0,1.0
AAPL,2020-03-10 00:00:00+00:00,285.34,286.44,269.37,277.14,71322520,70.667907525,70.9403358501,66.7127435691,68.6370781926,285290080,0.0,1.0
AAPL,2020-03-11 00:00:00+00:00,275.43,281.22,271.86,277.39,64094970,68.2135759781,69.6475396165,67.3294222322,68.698993721,256379880,0.0,1.0
AAPL,2020-03-12 00:00:00+00:00,248.23,270.0,248.0,255.94,104618517,61.4771664853,66.8687707007,61.4202041992,63.386641382,418474068,0.0,1.0
AAPL,2020-03-13 00:00:00+00:00,277.97,279.92,252.95,264.89,92683032,68.842637747,69.3255788687,62.646131662,65.6032172997,370732128,0.0,1.0
AAPL,2020-03-16 00:00:00+00:00,242.21,259.08,240.0,241.95,80605865,59.9862405608,64.164300419,59.4389072895,59.9218484113,322423460,0.0,1.0
AAPL,2020-03-17 00:00:00+00:00,252.86,257.61,238.4,247.51,81013965,62.6238420718,63.8002371119,59.0426479076,61.2988497635,324055860,0.0,1.0
AAPL,2020-03-18 00:00:00+00:00,246.67,250.0,237.12,239.77,75058406,61.090813588,61.9155284266,58.7256404021,59.3819450034,300233624,0.0,1.0
AAPL,2020-03-19 00:00:00+00:00,244.78,252.84,242.61,247.39,67964255,60.622732193,62.6188888295,60.0853054063,61.2691303098,271857020,0.0,1.0
AAPL,2020-03-20 00:00:00+00:00,229.24,251.83,228.0,247.18,100423346,56.774062946,62.3687500947,56.4669619251,61.2171212659,401693384,0.0,1.0
AAPL,2020-03-23 00:00:00+00:00,224.37,228.5,212.61,228.08,84188208,55.5679484523,56.5907929819,52.6554419951,56.4867748942,336752832,0.0,1.0
AAPL,2020-03-24 00:00:00+00:00,246.88,247.69,234.3,236.36,71882773,61.1428226318,61.3434289439,58.0272332414,58.5374171956,287531092,0.0,1.0
AAPL,2020-03-25 00:00:00+00:00,245.52,258.25,244.3,250.75,75900510,60.8060021572,63.9587408647,60.5038543785,62.1012750119,303602040,0.0,1.0
AAPL,2020-03-26 00:00:00+00:00,258.44,258.68,246.36,246.52,63140169,64.0057966663,64.0652355736,61.0140383327,61.0536642709,252560676,0.0,1.0
AAPL,2020-03-27 00:00:00+00:00,247.74,255.87,247.05,252.75,51054153,61.3558120496,63.3693050341,61.1849251912,62.5965992393,204216612,0.0,1.0
AAPL,2020-03-30 00:00:00+00:00,254.81,255.52,249.4,250.74,41994110,63.1067831935,63.2826232943,61.7669311584,62.0987983907,167976440,0.0,1.0
AAPL,2020-03-31 00:00:00+00:00,254.29,262.49,252.0,255.6,49250501,62.9779988944,65.0088282268,62.410852654,63.3024362633,197002004,0.0,1.0
AAPL,2020-04-01 00:00:00+00:00,240.91,248.72,239.13,246.5,44054638,59.664279813,61.5985209211,59.2234412506,61.0487110286,176218552,0.0,1.0
AAPL,2020-04-02 00:00:00+00:00,244.93,245.15,236.9,240.34,41483493,60.6598815101,60.7143671751,58.671154737,59.5231124082,165933972,0.0,1.0
AAPL,2020-04-03 00:00:00+00:00,241.41,245.7,238.97,242.8,32470017,59.7881108699,60.8505813377,59.1838153124,60.1323612079,129880068,0.0,1.0
AAPL,2020-04-06 00:00:00+00:00,262.47,263.11,249.38,250.9,50455071,65.0038749845,65.1623787373,61.7619779161,62.1384243289,201820284,0.0,1.0
AAPL,2020-04-07 00:00:00+00:00,259.43,271.7,259.0,270.8,50721831,64.2509821588,67.289796294,64.14448745,67.0669003917,202887324,0.0,1.0
AAPL,2020-04-08 00:00:00+00:00,266.07,267.37,261.23,262.74,42223821,65.8954585939,66.2174193417,64.6967739635,65.0707437552,168895284,0.0,1.0
AAPL,2020-04-09 00:00:00+00:00,267.99,270.07,264.7,268.7,40529123,66.3709698522,66.8861070487,65.5561614981,66.5468099529,162116492,0.0,1.0
AAPL,2020-04-13 00:00:00+00:00,273.25,273.7,265.83,268.31,32755731,67.6736725703,67.7851205214,65.8360196866,66.4502217286,131022924,0.0,1.0
AAPL,2020-04-14 00:00:00+00:00,287.05,288.25,278.05,280.0,48748672,71.0914097394,71.3886042759,68.8624507161,69.3453918378,194994688,0.0,1.0
AAPL,2020-04-15 00:00:00+00:00,284.43,286.33,280.63,282.4,32788641,70.4425350015,70.9130930175,69.5014189694,69.9397809107,131154564,0.0,1.0
AAPL,2020-04-16 00:00:00+00:00,286.69,288.2,282.35,287.38,39281290,71.0022513785,71.3762211702,69.927397805,71.1731382369,157125160,0.0,1.0
AAPL,2020-04-17 00:00:00+00:00,282.8,286.95,276.86,284.69,53812478,70.0388457562,71.066643528,68.5677328007,70.5069271511,215249912,0.0,1.0
AAPL,2020-04-20 00:00:00+00:00,276.93,281.68,276.85,277.95,32503750,68.5850691487,69.7614641888,68.5652561796,68.8376845047,130015000,0.0,1.0
AAPL,2020-04-21 00:00:00+00:00,268.37,277.25,265.43,276.28,45247893,66.4650814554,68.6643210251,65.7369548411,68.4240887748,180991572,0.0,1.0
AAPL,2020-04-22 00:00:00+00:00,276.1,277.9,272.2,273.61,29264342,68.3795095943,68.825301399,67.4136273509,67.7628309312,117057368,0.0,1.0
AAPL,2020-04-23 00:00:00+00:00,275.03,281.75,274.87,275.87,31203582,68.1145111327,69.7788005368,68.0748851945,68.3225473082,124814328,0.0,1.0
AAPL,2020-04-24 00:00:00+00:00,282.97,283.01,277.0,277.2,31627183,70.0809483155,70.0908548,68.6024054967,68.6519379194,126508732,0.0,1.0
AAPL,2020-04-27 00:00:00+00:00,283.17,284.54,279.95,281.8,29271893,70.1304807382,70.469777834,69.3330087321,69.7911836425,117087572,0.0,1.0
AAPL,2020-04-28 00:00:00+00:00,278.58,285.83,278.2,285.08,28001187,68.9937116363,70.7892619607,68.8996000331,70.6035153754,112004748,0.0,1.0
AAPL,2020-04-29 00:00:00+00:00,287.73,289.67,283.89,284.73,34320204,71.2598199767,71.7402844773,70.3087974601,70.5168336356,137280816,0.0,1.0
AAPL,2020-04-30 00:00:00+00:00,293.8,294.53,288.35,289.96,45765968,72.7631290069,72.9439223499,71.4133704872,71.8121064903,183063872,0.0,1.0
AAPL,2020-05-01 00:00:00+00:00,289.07,299.0,285.85,286.25,60154175,71.5916872091,74.0509719982,70.794215203,70.8932800485,240616700,0.0,1.0
AAPL,2020-05-04 00:00:00+00:00,293.16,293.69,286.32,289.17,33391986,72.6046252542,72.7358861744,70.9106163964,71.6164534205,133567944,0.0,1.0
AAPL,2020-05-05 00:00:00+00:00,297.56,301.0,294.46,295.06,36937795,73.6943385545,74.5462962256,72.926586002,73.0751832702,147751180,0.0,1.0
AAPL,2020-05-06 00:00:00+00:00,300.63,303.24,298.87,300.46,35583438,74.4546612435,75.1010593603,74.0187759234,74.4125586842,142333752,0.0,1.0
AAPL,2020-05-07 00:00:00+00:00,303.74,305.17,301.97,303.22,28803764,75.2248904172,75.5790472398,74.7865284759,75.096106118,115215056,0.0,1.0
AAPL,2020-05-08 00:00:00+00:00,310.13,310.35,304.29,305.64,33511985,77.010534257,77.065163985,75.5603632962,75.8955911724,134047940,0.82,1.0
AAPL,2020-05-11 00:00:00+00:00,315.01,317.05,307.24,308.1,36486561,78.2223209502,78.7288875187,76.292898285,76.506450858,145946244,0.0,1.0
AAPL,2020-05-12 00:00:00+00:00,311.41,319.69,310.91,317.83,40575263,77.328379947,79.3844442544,77.2042214744,78.9225747361,162301052,0.0,1.0
AAPL,2020-05-13 00:00:00+00:00,307.65,315.95,303.21,312.15,50155639,76.3947082326,78.4557388789,75.2921809953,77.5121344866,200622556,0.0,1.0
AAPL,2020-05-14 00:00:00+00:00,309.54,309.79,301.53,304.51,39732269,76.8640272592,76.9261064956,74.8750085271,75.6149930242,158929076,0.0,1.0
AAPL,2020-05-15 00:00:00+00:00,307.71,307.9,300.21,300.35,41587094,76.4096072493,76.4567874689,74.5472301593,74.5819945316,166348376,0.0,1.0
AAPL,2020-05-18 00:00:00+00:00,314.96,316.5,310.32,313.17,33843125,78.209905103,78.5923131988,77.0577144766,77.7654177708,135372500,0.0,1.0
AAPL,2020-05-19 00:00:00+00:00,313.14,318.52,313.01,315.03,25432385,77.7579682625,79.0939134284,77.7256870596,78.2272872891,101729540,0.0,1.0
AAPL,2020-05-20 00:00:00+00:00,319.23,319.52,316.52,316.68,27876215,79.2702184596,79.3422303737,78.5972795377,78.6370102489,111504860,0.0,1.0
AAPL,2020-05-21 00:00:00+00:00,316.85,320.89,315.87,318.66,25672211,78.6792241297,79.6824245888,78.4358735232,79.1286778007,102688844,0.0,1.0
AAPL,2020-05-22 00:00:00+00:00,318.89,319.23,315.35,315.77,20450754,79.1857906981,79.2702184596,78.3067487117,78.4110418287,81803016,0.0,1.0
AAPL,2020-05-26 00:00:00+00:00,316.73,324.24,316.5,323.5,31380454,78.6494260962,80.5142863557,78.5923131988,80.3305318161,125521816,0.0,1.0
AAPL,2020-05-27 00:00:00+00:00,318.11,318.71,313.09,316.14,28236274,78.9921034808,79.141093648,77.7455524152,78.5029190985,112945096,0.0,1.0
AAPL,2020-05-28 00:00:00+00:00,318.25,323.44,315.63,316.77,33449103,79.0268678531,80.3156327994,78.3762774563,78.659358774,133796412,0.0,1.0
AAPL,2020-05-29 00:00:00+00:00,317.94,321.15,316.47,319.25,38399532,78.9498896001,79.7469869946,78.5848636904,79.2751847985,153598128,0.0,1.0
AAPL,2020-06-01 00:00:00+00:00,321.85,322.35,317.21,317.75,20254653,79.9208088563,80.044967329,78.76861823,78.9027093805,81018612,0.0,1.0
AAPL,2020-06-02 00:00:00+00:00,323.34,323.44,318.93,320.75,21910704,80.2908011049,80.3156327994,79.195723376,79.6476602165,87642816,0.0,1.0
AAPL,2020-06-03 00:00:00+00:00,325.12,326.2,322.3,324.66,26122804,80.7328052676,81.0009875685,80.0325514817,80.6185794727,104491216,0.0,1.0
AAPL,2020-06-04 00:00:00+00:00,322.32,325.62,320.78,324.39,21890091,80.0375178206,80.8569637402,79.6551097248,80.5515338975,87560364,0.0,1.0
AAPL,2020-06-05 00:00:00+00:00,331.5,331.75,323.23,323.35,34312550,82.3170673788,82.3791466152,80.2634862409,80.2932842743,137250200,0.0,1.0
AAPL,2020-06-08 00:00:00+00:00,333.46,333.6,327.32,330.25,23913634,82.8037685917,82.838532964,81.2791025473,82.0066711972,95654536,0.0,1.0
AAPL,2020-06-09 00:00:00+00:00,343.99,345.61,332.01,332.14,36928091,85.4185460261,85.8208194775,82.4437090209,82.4759902238,147712364,0.0,1.0
AAPL,2020-06-10 00:00:00+00:00,352.84,354.77,346.09,347.9,41662938,87.6161509923,88.0954026968,85.9400116113,86.3894652823,166651752,0.0,1.0
AAPL,2020-06-11 00:00:00+00:00,335.9,351.06,335.48,349.31,50415613,83.4096619383,87.1741468296,83.3053688213,86.7395921753,201662452,0.0,1.0
AAPL,2020-06-12 00:00:00+00:00,338.8,347.8,334.22,344.72,50036513,84.1297810798,86.3646335878,82.9924894701,85.5998173962,200146052,0.0,1.0
AAPL,2020-06-15 00:00:00+00:00,342.99,345.68,332.58,333.25,34702230,85.1702290807,85.8382016637,82.5852496798,82.7516220332,138808920,0.0,1.0
AAPL,2020-06-16 00:00:00+00:00,352.08,353.2,344.72,351.46,41357182,87.4274301138,87.7055450926,85.5998173962,87.2734736077,165428728,0.0,1.0
AAPL,2020-06-17 00:00:00+00:00,351.59,355.4,351.09,355.15,28601626,87.3057548106,88.2518423724,87.181596338,88.189763136,114406504,0.0,1.0
AAPL,2020-06-18 00:00:00+00:00,351.73,353.45,349.22,351.41,24205096,87.340519183,87.7676243289,86.7172436502,87.2610577605,96820384,0.0,1.0
AAPL,2020-06-19 00:00:00+00:00,349.72,356.56,345.15,354.64,66118952,86.8414021228,88.5398900289,85.7065936827,88.0631214939,264475808,0.0,1.0
AAPL,2020-06-22 00:00:00+00:00,358.87,359.46,351.15,351.34,33861316,89.1135021727,89.2600091704,87.1964953547,87.2436755743,135445264,0.0,1.0
AAPL,2020-06-23 00:00:00+00:00,366.53,372.38,362.27,364.0,53038869,91.0156099739,92.4682641042,89.9577797868,90.3873681022,212155476,0.0,1.0
AAPL,2020-06-24 00:00:00+00:00,360.06,368.79,358.52,365.0,48155849,89.4089993376,91.5768062704,89.0265912418,90.6356850476,192623396,0.0,1.0
AAPL,2020-06-25 00:00:00+00:00,364.84,365.0,357.57,360.7,34380628,90.5959543363,90.6356850476,88.7906901437,89.5679221826,137522512,0.0,1.0
AAPL,2020-06-26 00:00:00+00:00,353.63,365.32,353.02,364.41,51314211,87.8123213791,90.7151464701,87.6608480425,90.4891780498,205256844,0.0,1.0
AAPL,2020-06-29 00:00:00+00:00,361.78,362.1736,351.28,353.25,32661519,89.8361044836,89.9338420333,87.2287765576,87.7179609399,130646076,0.0,1.0
AAPL,2020-06-30 00:00:00+00:00,364.8,365.98,360.0,360.08,35055821,90.5860216585,90.879035654,89.3941003209,89.4139656765,140223284,0.0,1.0
AAPL,2020-07-01 00:00:00+00:00,364.11,367.36,363.91,365.12,27690454,90.4146829662,91.2217130386,90.3650195772,90.665483081,110761816,0.0,1.0
AAPL,2020-07-02 00:00:00+00:00,364.11,370.47,363.64,367.85,28814516,90.4146829662,91.9939787386,90.2979740019,91.3433883418,115258064,0.0,1.0
AAPL,2020-07-06 00:00:00+00:00,373.85,375.78,369.87,370.0,29745936,92.8332900138,93.3125417183,91.8449885714,91.8772697743,118983744,0.0,1.0
AAPL,2020-07-07 00:00:00+00:00,372.69,378.62,372.23,375.41,28206999,92.5452423572,94.017761843,92.4310165624,93.2206644485,112827996,0.0,1.0
AAPL,2020-07-08 00:00:00+00:00,381.37,381.5,376.36,376.72,29274479,94.7006334427,94.7329146456,93.4565655466,93.5459596469,117097916,0.0,1.0
AAPL,2020-07-09 00:00:00+00:00,383.01,385.27,378.69,385.05,31420357,95.1078732331,95.6690695295,94.0351440292,95.6144398016,125681428,0.0,1.0
AAPL,2020-07-10 00:00:00+00:00,383.68,383.92,378.82,381.34,22564330,95.2742455864,95.3338416533,94.0674252321,94.6931839344,90257320,0.0,1.0
AAPL,2020-07-13 00:00:00+00:00,381.91,399.82,381.03,389.06,47913079,94.8347245932,99.2820810842,94.6162056813,96.6101907524,191652316,0.0,1.0
AAPL,2020-07-14 00:00:00+00:00,388.23,389.02,375.51,379.36,42748119,96.4040876877,96.6002580745,93.2454961431,94.2015163826,170992476,0.0,1.0
AAPL,2020-07-15 00:00:00+00:00,390.9,396.99,385.96,395.96,38306874,97.0670939318,98.5793441289,95.8404082218,98.3235776752,153227496,0.0,1.0
AAPL,2020-07-16 00:00:00+00:00,386.09,389.62,383.62,386.25,27645927,95.8726894247,96.7492482417,95.2593465697,95.912420136,110583708,0.0,1.0
AAPL,2020-07-17 00:00:00+00:00,385.31,388.59,383.36,387.95,23046755,95.6790022073,96.493481788,95.1947841639,96.334558943,92187020,0.0,1.0
AAPL,2020-07-20 00:00:00+00:00,393.43,394.0,384.25,385.67,22397208,97.6953358035,97.8368764623,95.4157862453,95.7683963077,89588832,0.0,1.0
AAPL,2020-07-21 00:00:00+00:00,388.0,397.0,386.97,396.69,25627347,96.3469747903,98.5818272983,96.0912083366,98.5048490453,102509388,0.0,1.0
AAPL,2020-07-22 00:00:00+00:00,389.09,391.9,386.41,386.77,22250413,96.6176402607,97.3154108771,95.9521508472,96.0415449475,89001652,0.0,1.0
AAPL,2020-07-23 00:00:00+00:00,371.38,388.31,368.039,387.9935,49251108,92.2199471588,96.4239530434,91.3903202444,96.3453607302,197004432,0.0,1.0
AAPL,2020-07-24 00:00:00+00:00,370.46,371.88,356.58,363.95,46359716,91.9914955691,92.3441056315,88.5448563678,90.374952255,185438864,0.0,1.0
AAPL,2020-07-27 00:00:00+00:00,379.24,379.62,373.92,374.84,30303548,94.1717183492,94.2660787884,92.8506722,93.0791237897,121214192,0.0,1.0
AAPL,2020-07-28 00:00:00+00:00,373.01,378.1986,372.99,377.47,25906375,92.6247037797,93.9131210823,92.6197374408,93.7321973559,103625500,0.0,1.0
AAPL,2020-07-29 00:00:00+00:00,380.16,380.92,374.85,375.0,22582314,94.4001699389,94.5888908173,93.0816069591,93.1188545009,90329256,0.0,1.0
AAPL,2020-07-30 00:00:00+00:00,384.76,385.19,375.07,376.75,39532505,95.5424278874,95.6492041739,93.1362366871,93.5534091553,158130020,0.0,1.0
AAPL,2020-07-31 00:00:00+00:00,425.04,425.66,403.3,411.535,93573867,105.5446344455,105.6985909516,100.1462240539,102.1911140988,374295468,0.0,1.0
AAPL,2020-08-03 00:00:00+00:00,435.75,446.5457,431.57,432.8,77037847,108.2041089301,110.8848641768,107.1661440986,107.4715739413,308151388,0.0,1.0
AAPL,2020-08-04 00:00:00+00:00,438.66,443.16,433.55,436.53,43198092,108.926711241,110.044137495,107.6578116503,108.3977961474,172792368,0.0,1.0
AAPL,2020-08-05 00:00:00+00:00,440.25,441.57,435.59,437.51,30497988,109.3215351841,109.6493135519,108.1643782188,108.6411467539,121991952,0.0,1.0
AAPL,2020-08-06 00:00:00+00:00,455.61,457.65,439.19,441.62,50607225,113.1356834645,113.6422500329,109.058319222,109.6617293992,202428900,0.0,1.0
AAPL,2020-08-07 00:00:00+00:00,444.45,454.7,441.17,452.82,49511403,110.5680862497,113.1180308645,109.7521039729,112.6503337059,198045612,0.82,1.0
AAPL,2020-08-10 00:00:00+00:00,450.91,455.1,440.0,450.4,53100856,112.1751732947,113.2175408983,109.4610371242,112.0482980017,212403424,0.0,1.0
AAPL,2020-08-11 00:00:00+00:00,437.5,449.93,436.4267,447.875,46975594,108.8390994133,111.931373712,108.5720891152,111.4201409137,187902376,0.0,1.0
AAPL,2020-08-12 00:00:00+00:00,452.04,453.1,441.19,441.99,41486205,112.4562891401,112.7199907295,109.7570794746,109.9560995421,165944820,0.0,1.0
AAPL,2020-08-13 00:00:00+00:00,460.04,464.17,455.71,457.72,52520516,114.4464898151,115.4739309135,113.3692936997,113.8693316193,210082064,0.0,1.0
AAPL,2020-08-14 00:00:00+00:00,459.63,460.0,452.18,459.315,41391302,114.3444920305,114.4365388117,112.4911176519,114.2661278789,165565208,0.0,1.0
AAPL,2020-08-17 00:00:00+00:00,458.43,464.35,455.8501,464.25,29431414,114.0459619292,115.5187104287,113.404147089,115.4938329203,117725656,0.0,1.0
AAPL,2020-08-18 00:00:00+00:00,462.25,464.0,456.03,457.41,26408385,114.9962827515,115.4316391492,113.4489017267,113.7922113432,105633540,0.0,1.0
AAPL,2020-08-19 00:00:00+00:00,462.83,468.65,462.44,463.933,36384502,115.1405723005,116.5884432915,115.0435500176,115.4149712185,145538008,0.0,1.0
AAPL,2020-08-20 00:00:00+00:00,473.1,473.568,462.9335,463.0,31726797,117.695492417,117.8119191565,115.1663205217,115.1828640648,126907188,0.0,1.0
AAPL,2020-08-21 00:00:00+00:00,497.48,499.472,477.0,477.05,84513660,123.760628974,124.2561889421,118.665715246,118.6781540002,338054640,0.0,1.0
AAPL,2020-08-24 00:00:00+00:00,503.43,515.14,495.745,514.79,86484442,125.240840726,128.153996964,123.3290042026,128.0669256845,345937768,0.0,1.0
AAPL,2020-08-25 00:00:00+00:00,499.3,500.7172,492.21,498.79,52873947,124.2133996276,124.5659636771,122.4495842793,124.0865243345,211495788,0.0,1.0
AAPL,2020-08-26 00:00:00+00:00,506.09,507.97,500.33,504.7165,40755567,125.9025824504,126.3702796091,124.4696379645,125.5608898721,163022268,0.0,1.0
AAPL,2020-08-27 00:00:00+00:00,500.04,509.94,495.33,508.57,38888096,124.39749319,126.8603665253,123.2257625426,126.5195446597,155552384,0.0,1.0
AAPL,2020-08-28 00:00:00+00:00,499.23,505.77,498.31,504.05,46907479,124.1959853716,125.8229744234,123.967112294,125.3950812783,187629916,0.0,1.0
AAPL,2020-08-31 00:00:00+00:00,129.04,131.0,126.0,127.58,223505733,128.4077475501,130.3581442116,125.3826425241,126.9549010573,223505733,0.0,4.0
AAPL,2020-09-01 00:00:00+00:00,134.18,134.8,130.53,132.76,152470142,133.5225632848,134.139525494,129.8904470529,132.1095208056,152470142,0.0,1.0
AAPL,2020-09-02 00:00:00+00:00,131.4,137.98,127.0,137.59,200118991,130.7561843466,137.3039445673,126.3777428616,136.9158554356,200118991,0.0,1.0
AAPL,2020-09-03 00:00:00+00:00,120.88,128.84,120.5,126.91,257599640,120.2877287961,128.2087274826,119.9095906679,126.2881838312,257599640,0.0,1.0
AAPL,2020-09-04 00:00:00+00:00,120.96,123.7,110.89,120.07,332607163,120.3673368231,123.0939117479,110.3466764246,119.4816975228,332607163,0.0,1.0
AAPL,2020-09-08 00:00:00+00:00,112.82,118.99,112.68,113.95,231366563,112.2672200759,118.4069891583,112.1279060287,113.3916834573,231366563,0.0,1.0
AAPL,2020-09-09 00:00:00+00:00,117.32,119.14,115.26,117.26,176940455,116.7451715947,118.5562542089,114.6952648994,116.6854655744,176940455,0.0,1.0
AAPL,2020-09-10 00:00:00+00:00,113.49,120.5,112.5,120.36,182274391,112.9339373021,119.9095906679,111.948787968,119.7702766206,182274391,0.0,1.0
AAPL,2020-09-11 00:00:00+00:00,112.0,115.23,110.0,114.57,180860325,111.4512377992,114.6654118893,109.4610371242,114.0086456666,180860325,0.0,1.0
AAPL,2020-09-14 00:00:00+00:00,115.355,115.93,112.8,114.72,140150087,114.7897994315,115.3619821256,112.2473180692,114.1579107172,140150087,0.0,1.0
AAPL,2020-09-15 00:00:00+00:00,115.54,118.829,113.61,118.33,184642039,114.9738929939,118.2467780039,113.0533493426,117.7502229355,184642039,0.0,1.0
AAPL,2020-09-16 00:00:00+00:00,112.13,116.0,112.04,115.23,155026675,111.5806008431,115.4316391492,111.4910418127,114.6654118893,155026675,0.0,1.0
AAPL,2020-09-17 00:00:00+00:00,110.34,112.2,108.71,109.72,178010968,109.799371239,111.6502578667,108.1773576889,109.1824090297,178010968,0.0,1.0
AAPL,2020-09-18 00:00:00+00:00,106.84,110.88,106.09,110.4,287104882,106.3165200577,110.3367254212,105.5701948046,109.8590772592,287104882,0.0,1.0
AAPL,2020-09-21 00:00:00+00:00,110.08,110.19,103.1,104.54,195713815,109.5406451512,109.6501061883,102.5948447955,104.0277892815,195713815,0.0,1.0
AAPL,2020-09-22 00:00:00+00:00,111.81,112.86,109.16,112.68,183055373,111.2621687351,112.3070240894,108.6251528407,112.1279060287,183055373,0.0,1.0
AAPL,2020-09-23 00:00:00+00:00,107.12,112.11,106.77,111.62,150718671,106.5951481522,111.5606988363,106.2468630341,111.073099671,150718671,0.0,1.0
AAPL,2020-09-24 00:00:00+00:00,108.22,110.25,105.0,105.17,167743349,107.6897585235,109.7098122086,104.4855354368,104.6547024941,167743349,0.0,1.0
AAPL,2020-09-25 00:00:00+00:00,112.28,112.44,107.67,108.43,149981441,111.7298658937,111.8890819477,107.1424533379,107.8987295944,149981441,0.0,1.0
AAPL,2020-09-28 00:00:00+00:00,114.96,115.32,112.78,115.01,137672403,114.3967347982,114.7549709197,112.2274160625,114.4464898151,137672403,0.0,1.0
AAPL,2020-09-29 00:00:00+00:00,114.09,115.31,113.57,114.55,100060526,113.5309975046,114.7450199163,113.0135453291,113.9887436598,100060526,0.0,1.0
AAPL,2020-09-30 00:00:00+00:00,115.81,117.26,113.62,113.79,142675184,115.2425700851,116.6854655744,113.0633003459,113.2324674033,142675184,0.0,1.0
AAPL,2020-10-01 00:00:00+00:00,116.79,117.72,115.83,117.64,116120440,116.2177684158,117.1432117297,115.2624720918,117.0636037027,116120440,0.0,1.0
AAPL,2020-10-02 00:00:00+00:00,113.02,115.37,112.22,112.89,144711986,112.4662401434,114.8047259366,111.6701598735,112.3368770996,144711986,0.0,1.0
AAPL,2020-10-05 00:00:00+00:00,116.5,116.65,113.55,113.91,106243839,115.9291893179,116.0784543685,112.9936433223,113.3518794438,106243839,0.0,1.0
AAPL,2020-10-06 00:00:00+00:00,113.16,116.12,112.25,115.7,161498212,112.6055541907,115.5510511897,111.7000128836,115.1331090479,161498212,0.0,1.0
AAPL,2020-10-07 00:00:00+00:00,115.08,115.55,114.13,114.62,96848985,114.5161468387,114.9838439973,113.5708015181,114.0584006834,96848985,0.0,1.0
AAPL,2020-10-08 00:00:00+00:00,114.97,116.4,114.5901,116.25,83477153,114.4066858016,115.8296792842,114.0286471833,115.6804142335,83477153,0.0,1.0
AAPL,2020-10-09 00:00:00+00:00,116.97,117.0,114.92,115.28,100506865,116.3968864765,116.4267394867,114.3569307847,114.7151669062,100506865,0.0,1.0
AAPL,2020-10-12 00:00:00+00:00,124.4,125.18,119.2845,120.06,240226769,123.7904819841,124.5666602474,118.7000462077,119.4717465194,240226769,0.0,1.0
AAPL,2020-10-13 00:00:00+00:00,121.1,125.39,119.65,125.27,262330451,120.5066508704,124.7756313182,119.063755381,124.6562192777,262330451,0.0,1.0
AAPL,2020-10-14 00:00:00+00:00,121.19,123.03,119.62,121.0,151062308,120.5962099008,122.4271945218,119.0339023709,120.4071408366,151062308,0.0,1.0
AAPL,2020-10-15 00:00:00+00:00,120.71,121.2,118.15,118.72,112559219,120.1185617388,120.6061609041,117.5711048748,118.1383120672,112559219,0.0,1.0
AAPL,2020-10-16 00:00:00+00:00,119.02,121.548,118.81,121.28,115393808,118.4368421684,120.9524558216,118.2278710975,120.6857689311,115393808,0.0,1.0
AAPL,2020-10-19 00:00:00+00:00,115.98,120.419,115.66,119.96,120639337,115.4117371424,119.8289875406,115.0933050344,119.3722364856,120639337,0.0,1.0
AAPL,2020-10-20 00:00:00+00:00,117.51,118.98,115.63,116.2,124423728,116.9342406588,118.3970381549,115.0634520243,115.6306592167,124423728,0.0,1.0
AAPL,2020-10-21 00:00:00+00:00,116.87,118.705,116.45,116.67,89945980,116.2973764428,118.1233855621,115.879434301,116.0983563753,89945980,0.0,1.0
AAPL,2020-10-22 00:00:00+00:00,115.75,118.04,114.59,117.45,101987954,115.1828640648,117.4616438377,114.0285476733,116.8745346385,101987954,0.0,1.0
AAPL,2020-10-23 00:00:00+00:00,115.04,116.55,114.28,116.39,82572645,114.4763428252,115.9789443348,113.7200665687,115.8197282808,82572645,0.0,1.0
AAPL,2020-10-26 00:00:00+00:00,115.05,116.55,112.88,114.01,111850657,114.4862938286,115.9789443348,112.3269260962,113.4513894776,111850657,0.0,1.0
AAPL,2020-10-27 00:00:00+00:00,116.6,117.28,114.5399,115.49,92276772,116.0286993517,116.7053675812,113.9786931464,114.9241379771,92276772,0.0,1.0
AAPL,2020-10-28 00:00:00+00:00,111.2,115.43,111.1,115.05,143937823,110.6551575292,114.8644319568,110.5556474955,114.4862938286,143937823,0.0,1.0
AAPL,2020-10-29 00:00:00+00:00,115.32,116.93,112.2,112.37,146129173,114.7549709197,116.357082463,111.6502578667,111.8194249241,146129173,0.0,1.0
AAPL,2020-10-30 00:00:00+00:00,108.86,111.99,107.72,111.06,190573476,108.3266227395,111.4412867958,107.1922083547,110.515843482,190573476,0.0,1.0
AAPL,2020-11-02 00:00:00+00:00,108.77,110.68,107.32,109.11,122866899,108.2370637091,110.1377053537,106.7941682197,108.5753978239,122866899,0.0,1.0
AAPL,2020-11-03 00:00:00+00:00,110.44,111.49,108.73,109.66,107624448,109.8988812727,110.9437366271,108.1972596956,109.1227030095,107624448,0.0,1.0
AAPL,2020-11-04 00:00:00+00:00,114.95,115.59,112.35,114.14,138235482,114.3867837948,115.0236480108,111.7995229173,113.5807525214,138235482,0.0,1.0
AAPL,2020-11-05 00:00:00+00:00,119.03,119.62,116.8686,117.95,126387074,118.4467931718,119.0339023709,116.2959833023,117.3720848073,126387074,0.0,1.0
AAPL,2020-11-06 00:00:00+00:00,118.69,119.2,116.13,118.32,114457922,118.3124546262,118.8208323485,115.7605978241,117.9436315728,114457922,0.205,1.0
AAPL,2020-11-09 00:00:00+00:00,116.32,121.99,116.05,120.5,154515315,115.9499934461,121.6019575352,115.680852299,120.1166971308,154515315,0.0,1.0
AAPL,2020-11-10 00:00:00+00:00,115.97,117.59,114.13,115.55,138023390,115.601106774,117.2159536566,113.7669596975,115.1824427674,138023390,0.0,1.0
AAPL,2020-11-11 00:00:00+00:00,119.49,119.63,116.44,117.19,112294954,119.1099098769,119.2494645457,116.0696117337,116.8172260312,112294954,0.0,1.0
AAPL,2020-11-12 00:00:00+00:00,119.21,120.53,118.57,119.62,103350674,118.8308005391,120.1466017027,118.1928363386,119.2394963551,103350674,0.0,1.0
AAPL,2020-11-13 00:00:00+00:00,119.26,119.6717,117.87,119.44,81688586,118.8806414923,119.2910319007,117.4950629943,119.0600689237,81688586,0.0,1.0
AAPL,2020-11-16 00:00:00+00:00,120.3,120.99,118.146,118.92,91183018,119.9173333182,120.6051384719,117.7701850558,118.5417230108,91183018,0.0,1.0
AAPL,2020-11-17 00:00:00+00:00,119.39,120.6741,118.96,119.55,74270973,119.0102279705,120.2902433298,118.5815957733,119.1697190207,74270973,0.0,1.0
AAPL,2020-11-18 00:00:00+00:00,118.03,119.82,118.0,118.61,76322111,117.6545540444,119.4388601678,117.6246494725,118.2327091012,76322111,0.0,1.0
AAPL,2020-11-19 00:00:00+00:00,118.64,119.06,116.81,117.59,74112972,118.2626136731,118.6812776796,116.4384347872,117.2159536566,74112972,0.0,1.0
AAPL,2020-11-20 00:00:00+00:00,117.34,118.77,117.29,118.64,73604287,116.9667488907,118.3922001513,116.9169079376,118.2626136731,73604287,0.0,1.0
AAPL,2020-11-23 00:00:00+00:00,113.85,117.6202,113.75,117.18,127959318,113.4878503597,117.2460575923,113.3881684534,116.8072578406,127959318,0.0,1.0
AAPL,2020-11-24 00:00:00+00:00,115.17,115.85,112.59,113.91,113226248,114.8036515233,115.4814884864,112.2318583399,113.5476595035,113226248,0.0,1.0
AAPL,2020-11-25 00:00:00+00:00,116.03,116.75,115.17,115.55,76499234,115.6609159178,116.3786256434,114.8036515233,115.1824427674,76499234,0.0,1.0
AAPL,2020-11-27 00:00:00+00:00,116.59,117.49,116.22,116.57,46691331,116.2191345932,117.1162717502,115.8503115398,116.199198212,46691331,0.0,1.0
AAPL,2020-11-30 00:00:00+00:00,119.05,120.97,116.81,116.97,169410176,118.671309489,120.5852020906,116.4384347872,116.5979258373,169410176,0.0,1.0
AAPL,2020-12-01 00:00:00+00:00,122.72,123.4693,120.01,121.01,125920963,122.3296354514,123.0765519756,119.6282557898,120.6250748531,125920963,0.0,1.0
AAPL,2020-12-02 00:00:00+00:00,123.08,123.37,120.89,122.02,89004195,122.6884903142,122.9775678426,120.5054565655,121.6318621071,89004195,0.0,1.0
AAPL,2020-12-03 00:00:00+00:00,122.94,123.78,122.21,123.52,78967630,122.5489356454,123.3862636586,121.8212577291,123.1270907021,78967630,0.0,1.0
AAPL,2020-12-04 00:00:00+00:00,122.25,122.8608,121.52,122.6,78260421,121.8611304917,122.4699875755,121.1334525754,122.2100171638,78260421,0.0,1.0
AAPL,2020-12-07 00:00:00+00:00,123.75,124.57,122.25,122.31,86711990,123.3563590867,124.1737507186,121.8611304917,121.9209396355,86711990,0.0,1.0
AAPL,2020-12-08 00:00:00+00:00,124.38,124.98,123.09,124.37,82225512,123.9843550965,124.5824465345,122.6984585049,123.9743869059,82225512,0.0,1.0
AAPL,2020-12-09 00:00:00+00:00,121.78,125.95,121.0,124.53,115089193,121.3926255319,125.549361026,120.6151066625,124.133877956,115089193,0.0,1.0
AAPL,2020-12-10 00:00:00+00:00,123.24,123.87,120.15,120.5,81312170,122.8479813644,123.4759773742,119.7678104587,120.1166971308,81312170,0.0,1.0
AAPL,2020-12-11 00:00:00+00:00,122.41,122.76,120.55,122.43,86939786,122.0206215418,122.369508214,120.166538084,122.0405579231,86939786,0.0,1.0
AAPL,2020-12-14 00:00:00+00:00,121.78,123.35,121.54,122.6,79075988,121.3926255319,122.9576314613,121.1533889567,122.2100171638,79075988,0.0,1.0
AAPL,2020-12-15 00:00:00+00:00,127.88,127.9,124.13,124.34,157572262,127.4732218182,127.4931581995,123.7351503307,123.944482334,157572262,0.0,1.0
AAPL,2020-12-16 00:00:00+00:00,127.81,128.37,126.56,127.41,98208591,127.4034444838,127.9616631592,126.1574206546,127.0047168584,98208591,0.0,1.0
AAPL,2020-12-17 00:00:00+00:00,128.7,129.58,128.045,128.9,94359811,128.2906134501,129.1678142258,127.6376969636,128.4899772628,94359811,0.0,1.0
AAPL,2020-12-18 00:00:00+00:00,126.655,129.1,126.12,128.96,192541496,126.2521184656,128.6893410754,125.7188202667,128.5497864066,192541496,0.0,1.0
AAPL,2020-12-21 00:00:00+00:00,128.23,128.31,123.449,125.02,121251553,127.8221084904,127.9018540154,123.0563165486,124.6223192971,121251553,0.0,1.0
AAPL,2020-12-22 00:00:00+00:00,131.88,134.405,129.65,131.61,169351825,131.4604980715,133.9774662064,129.2375915603,131.1913569244,169351825,0.0,1.0
AAPL,2020-12-23 00:00:00+00:00,130.96,132.43,130.78,132.16,88223692,130.5434245332,132.0087485563,130.3639971018,131.7396074092,88223692,0.0,1.0
AAPL,2020-12-24 00:00:00+00:00,131.97,133.46,131.1,131.32,54930064,131.5502117872,133.0354721916,130.6829792021,130.902279396,54930064,0.0,1.0
AAPL,2020-12-28 00:00:00+00:00,136.69,137.34,133.51,133.99,123124632,136.2551977661,136.9031301573,133.0853131447,133.5637862951,123124632,0.0,1.0
AAPL,2020-12-29 00:00:00+00:00,134.87,138.789,134.3409,138.05,121047324,134.4409870708,138.34752098,133.9135701044,137.6108716922,121047324,0.0,1.0
AAPL,2020-12-30 00:00:00+00:00,133.72,135.99,133.4,135.58,96452124,133.294645148,135.5574244218,132.9756630478,135.1487286058,96452124,0.0,1.0
AAPL,2020-12-31 00:00:00+00:00,132.69,134.74,131.72,134.08,99116586,132.2679215128,134.3114005926,131.3010070214,133.6535000108,99116586,0.0,1.0
AAPL,2021-01-04 00:00:00+00:00,129.41,133.6116,126.76,133.52,143301887,128.9983549851,133.1865899616,126.3567844673,133.0952813354,143301887,0.0,1.0
AAPL,2021-01-05 00:00:00+00:00,131.01,131.74,128.43,128.89,97664898,130.5932654864,131.3209434026,128.021472303,128.4800090721,97664898,0.0,1.0
AAPL,2021-01-06 00:00:00+00:00,126.6,131.0499,126.382,127.72,155087970,126.1972934171,130.633038567,125.9799868613,127.3137307681,155087970,0.0,1.0
AAPL,2021-01-07 00:00:00+00:00,130.92,131.63,127.86,128.36,109578157,130.5035517707,131.2112933057,127.4532854369,127.9516949686,109578157,0.0,1.0
AAPL,2021-01-08 00:00:00+00:00,132.05,132.63,130.23,132.43,105158245,131.6299573123,132.208112369,129.815746617,132.0087485563,105158245,0.0,1.0
AAPL,2021-01-11 00:00:00+00:00,128.98,130.17,128.5,129.19,100620880,128.5697227878,129.7559374732,128.0912496375,128.7790547911,100620880,0.0,1.0
AAPL,2021-01-12 00:00:00+00:00,128.8,129.69,126.86,128.5,90440255,128.3902953564,129.2774643228,126.4564663736,128.0912496375,90440255,0.0,1.0
AAPL,2021-01-13 00:00:00+00:00,130.89,131.45,128.49,128.76,88636831,130.4736471988,131.0318658743,128.0812814468,128.3504225939,88636831,0.0,1.0
AAPL,2021-01-14 00:00:00+00:00,128.91,131.0,128.76,130.8,90221755,128.4999454534,130.5832972958,128.3504225939,130.3839334831,90221755,0.0,1.0
AAPL,2021-01-15 00:00:00+00:00,127.14,130.2242,127.0,128.78,111598531,126.7355757113,129.8099650664,126.5960210425,128.3703589752,111598531,0.0,1.0
AAPL,2021-01-19 00:00:00+00:00,127.83,128.71,126.938,127.78,90757329,127.423380865,128.3005816408,126.5342182605,127.3735399119,90757329,0.0,1.0
AAPL,2021-01-20 00:00:00+00:00,132.03,132.49,128.55,128.66,104319489,131.610020931,132.0685577001,128.1410905906,128.2507406876,104319489,0.0,1.0
AAPL,2021-01-21 00:00:00+00:00,136.87,139.67,133.59,133.8,120529544,136.4346251975,139.2257185748,133.1650586698,133.3743906731,120529544,0.0,1.0
AAPL,2021-01-22 00:00:00+00:00,139.07,139.85,135.02,136.28,114459360,138.6276271368,139.4051460062,134.5905099303,135.8465019501,114459360,0.0,1.0
AAPL,2021-01-25 00:00:00+00:00,142.92,145.09,136.54,143.07,157611713,142.4653805306,144.628477898,136.1056749066,142.6149033901,157611713,0.0,1.0
AAPL,2021-01-26 00:00:00+00:00,143.16,144.3,141.37,143.6,98390555,142.7046171058,143.840990838,140.9203109825,143.1432174937,98390555,0.0,1.0
AAPL,2021-01-27 00:00:00+00:00,142.06,144.3,140.41,143.43,140843759,141.6081161362,143.840990838,139.9633646817,142.9737582529,140843759,0.0,1.0
AAPL,2021-01-28 00:00:00+00:00,137.09,141.99,136.7,139.52,142621128,136.6539253914,141.5383388017,136.2651659567,139.0761957153,142621128,0.0,1.0
AAPL,2021-01-29 00:00:00+00:00,131.96,136.74,130.21,135.83,177523812,131.5402435966,136.3050387193,129.7958102357,135.3979333716,177523812,0.0,1.0
AAPL,2021-02-01 00:00:00+00:00,134.14,135.38,130.93,133.75,106239823,133.7133091546,134.9493647931,130.5135199613,133.3245497199,106239823,0.0,1.0
AAPL,2021-02-02 00:00:00+00:00,134.99,136.31,134.61,135.73,82266419,134.5606053584,135.876406522,134.1818141144,135.2982514653,82266419,0.0,1.0
AAPL,2021-02-03 00:00:00+00:00,133.94,135.77,133.61,135.76,89880937,133.5139453419,135.3381242278,133.1849950511,135.3281560372,89880937,0.0,1.0
AAPL,2021-02-04 00:00:00+00:00,137.39,137.4,134.59,136.3,84183061,136.9529711104,136.9629393011,134.1618777331,135.8664383314,84183061,0.0,1.0
AAPL,2021-02-05 00:00:00+00:00,136.76,137.42,135.86,137.35,75693830,136.5293230085,137.1882097677,135.6308410642,137.1183278387,75693830,0.205,1.0
AAPL,2021-02-08 00:00:00+00:00,136.91,136.96,134.92,136.03,71297214,136.6790699992,136.7289856628,134.692426589,135.8005543203,71297214,0.0,1.0
AAPL,2021-02-09 00:00:00+00:00,136.01,137.877,135.85,136.62,75986989,135.7805880549,137.6444389328,135.6208579315,136.3895591505,75986989,0.0,1.0
AAPL,2021-02-10 00:00:00+00:00,135.39,136.99,134.4,136.48,72647988,135.1616338266,136.758935061,134.1733036878,136.2497952925,72647988,0.0,1.0
AAPL,2021-02-11 00:00:00+00:00,135.13,136.39,133.77,135.9,64280029,134.902072376,136.1599470981,133.5443663268,135.670773595,64280029,0.0,1.0
AAPL,2021-02-12 00:00:00+00:00,135.37,135.53,133.6921,134.35,60145130,135.1416675611,135.3013976846,133.4665977229,134.1233880242,60145130,0.0,1.0
AAPL,2021-02-16 00:00:00+00:00,133.19,136.01,132.79,135.49,80576316,132.9653446293,135.7805880549,132.5660193207,135.2614651537,80576316,0.0,1.0
AAPL,2021-02-17 00:00:00+00:00,130.84,132.22,129.47,131.25,97372199,130.6193084413,131.996980756,129.2516192594,131.0286168826,97372199,0.0,1.0
AAPL,2021-02-18 00:00:00+00:00,129.71,129.995,127.41,129.2,96856748,129.4912144445,129.7757337269,127.1950939201,128.9820746761,96856748,0.0,1.0
AAPL,2021-02-19 00:00:00+00:00,129.87,130.71,128.8,130.24,87668834,129.650944568,130.489527716,128.5827493675,130.0203204784,87668834,0.0,1.0
AAPL,2021-02-22 00:00:00+00:00,126.0,129.72,125.6,128.01,102886922,125.7874722073,129.5011975772,125.3881468987,127.794081883,102886922,0.0,1.0
AAPL,2021-02-23 00:00:00+00:00,125.86,126.71,118.39,123.76,158273022,125.6477083493,126.4962746301,118.1903082113,123.5512504792,158273022,0.0,1.0
AAPL,2021-02-24 00:00:00+00:00,125.35,125.56,122.23,124.94,111039904,125.1385685808,125.3482143679,122.0238311738,124.7292601395,111039904,0.0,1.0
AAPL,2021-02-25 00:00:00+00:00,120.99,126.4585,120.54,124.68,144766924,120.7859227172,126.2451988423,120.336681745,124.469698689,144766924,0.0,1.0
AAPL,2021-02-26 00:00:00+00:00,121.26,124.85,121.2,122.59,163424672,121.0554673005,124.6394119451,120.9955685042,122.3832239515,163424672,0.0,1.0
AAPL,2021-03-01 00:00:00+00:00,127.79,127.93,122.79,123.75,116307892,127.5744529633,127.7142168213,122.5828866058,123.5412673465,116307892,0.0,1.0
AAPL,2021-03-02 00:00:00+00:00,125.12,128.72,125.01,128.41,102260945,124.9089565284,128.5028843058,124.7991420685,128.1934071916,102260945,0.0,1.0
AAPL,2021-03-03 00:00:00+00:00,122.06,125.71,121.84,124.81,112966340,121.8541179177,125.4979613586,121.6344889979,124.5994794142,112966340,0.0,1.0
AAPL,2021-03-04 00:00:00+00:00,120.13,123.6,118.62,121.75,178154975,119.9273733037,123.3915203557,118.4199202637,121.5446408035,178154975,0.0,1.0
AAPL,2021-03-05 00:00:00+00:00,121.42,121.935,117.57,120.98,153766601,121.2151974239,121.7293287587,117.3716913287,120.7759395845,153766601,0.0,1.0
AAPL,2021-03-08 00:00:00+00:00,116.36,121.0,116.21,120.93,154376610,116.1637322702,120.7959058499,116.0139852795,120.7260239209,154376610,0.0,1.0
AAPL,2021-03-09 00:00:00+00:00,121.085,122.06,118.79,119.03,129525780,120.880762478,121.8541179177,118.5896335199,118.8292287051,129525780,0.0,1.0
AAPL,2021-03-10 00:00:00+00:00,119.98,122.17,119.45,121.69,111943326,119.777626313,121.9639323775,119.2485202791,121.4847420072,111943326,0.0,1.0
AAPL,2021-03-11 00:00:00+00:00,121.96,123.21,121.26,122.54,103026514,121.7542865905,123.0021781799,121.0554673005,122.333308288,103026514,0.0,1.0
AAPL,2021-03-12 00:00:00+00:00,121.03,121.17,119.16,120.4,88105050,120.825855248,120.965619106,118.9590094303,120.196917887,88105050,0.0,1.0
AAPL,2021-03-15 00:00:00+00:00,123.99,124.0,120.42,121.41,92590555,123.7808625316,123.7908456643,120.2168841524,121.2052142912,92590555,0.0,1.0
AAPL,2021-03-16 00:00:00+00:00,125.57,127.22,124.715,125.7,115227936,125.3581975006,127.0054143985,124.5046396535,125.4879782259,115227936,0.0,1.0
AAPL,2021-03-17 00:00:00+00:00,124.76,125.8599,122.336,124.05,111932636,124.5495637507,125.647608518,122.1296523806,123.8407613279,111932636,0.0,1.0
AAPL,2021-03-18 00:00:00+00:00,120.53,123.18,120.32,122.88,121469755,120.3266986123,122.9722287817,120.1170528253,122.6727348003,121469755,0.0,1.0
AAPL,2021-03-19 00:00:00+00:00,119.99,121.43,119.675,119.9,185549522,119.7876094457,121.2251805566,119.4731407652,119.6977612512,185549522,0.0,1.0
AAPL,2021-03-22 00:00:00+00:00,123.39,123.87,120.26,120.33,111912284,123.1818745687,123.661064939,120.057154029,120.127035958,111912284,0.0,1.0
AAPL,2021-03-23 00:00:00+00:00,122.54,124.24,122.14,123.33,95467142,122.333308288,124.0304408495,121.9339829794,123.1219757724,95467142,0.0,1.0
AAPL,2021-03-24 00:00:00+00:00,120.09,122.9,120.065,122.82,88530485,119.8874407728,122.6927010657,119.862482941,122.612836004,88530485,0.0,1.0
AAPL,2021-03-25 00:00:00+00:00,120.59,121.66,119.0,119.54,98844681,120.3865974086,121.4547926091,118.7992793069,119.3383684735,98844681,0.0,1.0
AAPL,2021-03-26 00:00:00+00:00,121.21,121.48,118.92,120.35,94071234,121.0055516369,121.2750962202,118.7194142452,120.1470022234,94071234,0.0,1.0
AAPL,2021-03-29 00:00:00+00:00,121.39,122.58,120.7299,121.65,80819203,121.1852480258,122.3732408188,120.5262614353,121.4448094763,80819203,0.0,1.0
AAPL,2021-03-30 00:00:00+00:00,119.9,120.4031,118.86,120.11,85671919,119.6977612512,120.2000126581,118.6595154489,119.9074070383,85671919,0.0,1.0
AAPL,2021-03-31 00:00:00+00:00,122.15,123.52,121.15,121.65,118323826,121.9439661121,123.311655294,120.9456528406,121.4448094763,118323826,0.0,1.0
AAPL,2021-04-01 00:00:00+00:00,123.0,124.18,122.49,123.66,75089134,122.7925323929,123.9705420532,122.2833926244,123.451419152,75089134,0.0,1.0
AAPL,2021-04-05 00:00:00+00:00,125.9,126.1601,123.07,123.87,88651175,125.6876408802,125.9473021621,122.8624143219,123.661064939,88651175,0.0,1.0
AAPL,2021-04-06 00:00:00+00:00,126.21,127.13,125.65,126.5,80171253,125.9971179943,126.9155662041,125.4380625623,126.2866288431,80171253,0.0,1.0
AAPL,2021-04-07 00:00:00+00:00,127.9,127.92,125.14,125.83,83466716,127.6842674231,127.7042336886,124.9289227938,125.6177589512,83466716,0.0,1.0
AAPL,2021-04-08 00:00:00+00:00,130.36,130.39,128.52,128.95,88844591,130.140118071,130.1700674691,128.3032216515,128.7324963582,88844591,0.0,1.0
AAPL,2021-04-09 00:00:00+00:00,132.995,133.04,129.47,129.8,106686703,132.7706735414,132.8155976386,129.2516192594,129.581062639,106686703,0.0,1.0
AAPL,2021-04-12 00:00:00+00:00,131.24,132.85,130.63,132.52,91419983,131.0186337499,132.625918117,130.4096626543,132.2964747374,91419983,0.0,1.0
AAPL,2021-04-13 00:00:00+00:00,134.43,134.66,131.93,132.44,91266545,134.2032530859,134.4328651384,131.7074699072,132.2166096757,91266545,0.0,1.0
AAPL,2021-04-14 00:00:00+00:00,132.03,135.0,131.655,134.94,87222782,131.8073012344,134.7722916507,131.4329337576,134.7123928544,87222782,0.0,1.0
AAPL,2021-04-15 00:00:00+00:00,134.5,135.0,133.64,133.82,89347102,134.273135015,134.7722916507,133.4145856015,133.5942819903,89347102,0.0,1.0
AAPL,2021-04-16 00:00:00+00:00,134.16,134.67,133.28,134.3,84922386,133.9337085026,134.4428482711,133.0551928237,134.0734723607,84922386,0.0,1.0
AAPL,2021-04-19 00:00:00+00:00,134.84,135.47,133.34,133.51,94264215,134.6125615273,135.2414988883,133.11509162,133.2848048762,94264215,0.0,1.0
AAPL,2021-04-20 00:00:00+00:00,133.11,135.53,131.81,135.02,94812349,132.8854795676,135.3013976846,131.5876723147,134.7922579161,94812349,0.0,1.0
AAPL,2021-04-21 00:00:00+00:00,133.5,133.75,131.3001,132.36,68847136,133.2748217435,133.5244000613,131.0786323775,132.136744614,68847136,0.0,1.0
AAPL,2021-04-22 00:00:00+00:00,131.94,134.15,131.41,133.04,84566456,131.7174530399,133.9237253699,131.1883470061,132.8155976386,84566456,0.0,1.0
AAPL,2021-04-23 00:00:00+00:00,134.32,135.12,132.16,132.16,78756779,134.0934386261,134.8920892433,131.9370819597,131.9370819597,78756779,0.0,1.0
AAPL,2021-04-26 00:00:00+00:00,134.72,135.06,133.56,134.83,66905069,134.4927639347,134.832190447,133.3347205398,134.6025783945,66905069,0.0,1.0
AAPL,2021-04-27 00:00:00+00:00,134.39,135.41,134.11,135.01,66015804,134.1633205551,135.181600092,133.8837928391,134.7822747834,66015804,0.0,1.0
AAPL,2021-04-28 00:00:00+00:00,133.58,135.02,133.08,134.31,107760097,133.3546868052,134.7922579161,132.8555301694,134.0834554934,107760097,0.0,1.0
AAPL,2021-04-29 00:00:00+00:00,133.48,137.07,132.45,136.47,151100953,133.254855478,136.8388001227,132.2265928084,136.2398121598,151100953,0.0,1.0
AAPL,2021-04-30 00:00:00+00:00,131.46,133.56,131.065,131.78,109839466,131.2382626696,133.3347205398,130.8439289274,131.5577229165,109839466,0.0,1.0
AAPL,2021-05-03 00:00:00+00:00,132.54,134.07,131.83,132.04,75135100,132.3164410028,133.8438603082,131.6076385801,131.8172843671,75135100,0.0,1.0
AAPL,2021-05-04 00:00:00+00:00,127.85,131.4899,126.7,131.19,137564718,127.6343517596,131.2681122364,126.4862914974,130.9687180863,137564718,0.0,1.0
AAPL,2021-05-05 00:00:00+00:00,128.1,130.45,127.97,129.2,84000900,127.8839300774,130.2299662654,127.7541493521,128.9820746761,84000900,0.0,1.0
AAPL,2021-05-06 00:00:00+00:00,129.74,129.75,127.13,127.89,78128334,129.5211638427,129.5311469754,126.9155662041,127.6742842904,78128334,0.0,1.0
AAPL,2021-05-07 00:00:00+00:00,130.21,131.2582,129.475,130.85,78973273,130.21,131.2582,129.475,130.85,78973273,0.22,1.0
AAPL,2021-05-10 00:00:00+00:00,126.85,129.54,126.81,129.41,88071229,126.85,129.54,126.81,129.41,88071229,0.0,1.0
AAPL,2021-05-11 00:00:00+00:00,125.91,126.27,122.77,123.5,126142826,125.91,126.27,122.77,123.5,126142826,0.0,1.0
AAPL,2021-05-12 00:00:00+00:00,122.77,124.64,122.25,123.4,112172282,122.77,124.64,122.25,123.4,112172282,0.0,1.0
AAPL,2021-05-13 00:00:00+00:00,124.97,126.15,124.26,124.58,105861339,124.97,126.15,124.26,124.58,105861339,0.0,1.0
AAPL,2021-05-14 00:00:00+00:00,127.45,127.89,125.85,126.25,81917951,127.45,127.89,125.85,126.25,81917951,0.0,1.0
AAPL,2021-05-17 00:00:00+00:00,126.27,126.93,125.17,126.82,74244624,126.27,126.93,125.17,126.82,74244624,0.0,1.0
AAPL,2021-05-18 00:00:00+00:00,124.85,126.99,124.78,126.56,63342929,124.85,126.99,124.78,126.56,63342929,0.0,1.0
AAPL,2021-05-19 00:00:00+00:00,124.69,124.915,122.86,123.16,92611989,124.69,124.915,122.86,123.16,92611989,0.0,1.0
AAPL,2021-05-20 00:00:00+00:00,127.31,127.72,125.1,125.23,76857123,127.31,127.72,125.1,125.23,76857123,0.0,1.0
AAPL,2021-05-21 00:00:00+00:00,125.43,128.0,125.21,127.82,79295436,125.43,128.0,125.21,127.82,79295436,0.0,1.0
AAPL,2021-05-24 00:00:00+00:00,127.1,127.94,125.94,126.01,63092945,127.1,127.94,125.94,126.01,63092945,0.0,1.0
AAPL,2021-05-25 00:00:00+00:00,126.9,128.32,126.32,127.82,72009482,126.9,128.32,126.32,127.82,72009482,0.0,1.0
AAPL,2021-05-26 00:00:00+00:00,126.85,127.39,126.42,126.955,56575920,126.85,127.39,126.42,126.955,56575920,0.0,1.0
AAPL,2021-05-27 00:00:00+00:00,125.28,127.64,125.08,126.44,94625601,125.28,127.64,125.08,126.44,94625601,0.0,1.0
AAPL,2021-05-28 00:00:00+00:00,124.61,125.8,124.55,125.57,71311109,124.61,125.8,124.55,125.57,71311109,0.0,1.0
AAPL,2021-06-01 00:00:00+00:00,124.28,125.35,123.94,125.08,67637118,124.28,125.35,123.94,125.08,67637118,0.0,1.0
AAPL,2021-06-02 00:00:00+00:00,125.06,125.24,124.05,124.28,59278862,125.06,125.24,124.05,124.28,59278862,0.0,1.0
AAPL,2021-06-03 00:00:00+00:00,123.54,124.85,123.13,124.68,76229170,123.54,124.85,123.13,124.68,76229170,0.0,1.0
AAPL,2021-06-04 00:00:00+00:00,125.89,126.16,123.85,124.07,75169343,125.89,126.16,123.85,124.07,75169343,0.0,1.0
AAPL,2021-06-07 00:00:00+00:00,125.9,126.32,124.8321,126.17,71057550,125.9,126.32,124.8321,126.17,71057550,0.0,1.0
AAPL,2021-06-08 00:00:00+00:00,126.74,128.46,126.2101,126.6,74403774,126.74,128.46,126.2101,126.6,74403774,0.0,1.0
AAPL,2021-06-09 00:00:00+00:00,127.13,127.75,126.52,127.21,56877937,127.13,127.75,126.52,127.21,56877937,0.0,1.0
AAPL,2021-06-10 00:00:00+00:00,126.11,128.19,125.94,127.02,71186421,126.11,128.19,125.94,127.02,71186421,0.0,1.0
AAPL,2021-06-11 00:00:00+00:00,127.35,127.44,126.1,126.53,53522373,127.35,127.44,126.1,126.53,53522373,0.0,1.0
